trialarm,pvbrid
1,B001
2,B002
3,B003
4,B004
5,B005
6,B006
7,B007
8,B008
9,B009
10,B010
11,B011
12,B012
13,B013
14,B014
15,B015
16,B016
17,B017
18,B018
19,B019
20,B020
21,B021
22,B022
23,B023
24,B024
25,B025
26,B026
27,B027
28,B028
29,B029
30,B030
31,B031
32,B032
33,B033
34,B034
35,B035
36,B036
37,B037
38,B038
39,B039
40,B040
41,B041
42,B042
43,B043
44,B044
45,B045
46,B046
47,B047
48,B048
49,B049
50,B050
51,B051
52,B052
53,B053
54,B054
55,B055
56,B056
57,B057
58,B058
59,B059
60,B060
61,B061
62,B062
63,B063
64,B064
65,B065
66,B066
67,B067
68,B068
69,B069
70,B070
71,B071
72,B072
73,B073
74,B074
75,B075
76,B076
77,B077
78,B078
79,B079
80,B080
81,B081
82,B082
83,B083
84,B084
85,B085
86,B086
87,B087
88,B088
89,B089
90,B090
91,B091
92,B092
93,B093
94,B094
95,B095
96,B096
97,B097
98,B098
99,B099
100,B100
101,B101
102,B102
103,B103
104,B104
105,B105
106,B106
107,B107
108,B108
109,B109
110,B110
111,B111
112,B112
113,B113
114,B114
115,B115
116,B116
117,B117
118,B118
119,B119
120,B120
121,B121
122,B122
123,B123
124,B124
125,B125
126,B126
127,B127
128,B128
129,B129
130,B130
131,B131
132,B132
133,B133
134,B134
135,B135
136,B136
137,B137
138,B138
139,B139
140,B140
141,B141
142,B142
143,B143
144,B144
145,B145
146,B146
147,B147
148,B148
149,B149
150,B150
151,B151
152,B152
153,B153
154,B154
155,B155
156,B156
157,B157
158,B158
159,B159
160,B160
161,B161
162,B162
163,B163
164,B164
165,B165
166,B166
167,B167
168,B168
169,B169
170,B170
171,B171
172,B172
173,B173
174,B174
175,B175
176,B176
177,B177
178,B178
179,B179
180,B180
181,B181
182,B182
183,B183
184,B184
185,B185
186,B186
187,B187
188,B188
189,B189
190,B190
191,B191
192,B192
193,B193
194,B194
195,B195
196,B196
197,B197
198,B198
199,B199
200,B200
201,B201
202,B202
203,B203
204,B204
205,B205
206,B206
207,B207
208,B208
209,B209
210,B210
211,B211
212,B212
213,B213
214,B214
215,B215
216,B216
217,B217
218,B218
219,B219
220,B220
221,B221
222,B222
223,B223
224,B224
225,B225
226,B226
227,B227
228,B228
229,B229
230,B230
231,B231
232,B232
233,B233
234,B234
235,B235
236,B236
237,B237
238,B238
239,B239
240,B240
241,B241
242,B242
243,B243
244,B244
245,B245
246,B246
247,B247
248,B248
249,B249
250,B250
251,B251
252,B252
253,B253
254,B254
255,B255
256,B256
257,B257
258,B258
259,B259
260,B260
261,B261
262,B262
263,B263
264,B264
265,B265
266,B266
267,B267
268,B268
269,B269
270,B270
271,B271
272,B272
273,B273
274,B274
275,B275
276,B276
277,B277
278,B278
279,B279
280,B280
281,B281
282,B282
283,B283
284,B284
285,B285
286,B286
287,B287
288,B288
289,B289
290,B290
291,B291
292,B292
293,B293
294,B294
295,B295
296,B296
297,B297
298,B298
299,B299
300,B300
301,B301
302,B302
303,B303
304,B304
305,B305
306,B306
307,B307
308,B308
309,B309
310,B310
311,B311
312,B312
313,B313
314,B314
315,B315
316,B316
317,B317
318,B318
319,B319
320,B320
321,B321
322,B322
323,B323
324,B324
325,B325
326,B326
327,B327
328,B328
329,B329
330,B330
331,B331
332,B332
333,B333
334,B334
335,B335
336,B336
337,B337
338,B338
339,B339
340,B340
341,B341
342,B342
343,B343
344,B344
345,B345
346,B346
347,B347
348,B348
349,B349
350,B350
351,B351
352,B352
353,B353
354,B354
355,B355
356,B356
357,B357
358,B358
359,B359
360,B360
361,B361
362,B362
363,B363
364,B364
365,B365
366,B366
367,B367
368,B368
369,B369
370,B370
371,B371
372,B372
373,B373
374,B374
375,B375
376,B376
377,B377
378,B378
379,B379
380,B380
381,B381
382,B382
383,B383
384,B384
385,B385
386,B386
387,B387
388,B388
389,B389
390,B390
391,B391
392,B392
393,B393
394,B394
395,B395
396,B396
397,B397
398,B398
399,B399
400,B400
401,B401
402,B402
403,B403
404,B404
405,B405
406,B406
407,B407
408,B408
409,B409
410,B410
411,B411
412,B412
413,B413
414,B414
415,B415
416,B416
417,B417
418,B418
419,B419
420,B420
421,B421
422,B422
423,B423
424,B424
425,B425
426,B426
427,B427
428,B428
429,B429
430,B430
431,B431
432,B432
433,B433
434,B434
435,B435
436,B436
437,B437
438,B438
439,B439
440,B440
441,B441
442,B442
443,B443
444,B444
445,B445
446,B446
447,B447
448,B448
449,B449
450,B450
451,B451
452,B452
453,B453
454,B454
455,B455
456,B456
457,B457
458,B458
459,B459
460,B460
461,B461
462,B462
463,B463
464,B464
465,B465
466,B466
467,B467
468,B468
469,B469
470,B470
471,B471
472,B472
473,B473
474,B474
475,B475
476,B476
477,B477
478,B478
479,B479
480,B480
481,B481
482,B482
483,B483
484,B484
485,B485
486,B486
487,B487
488,B488
489,B489
490,B490
491,B491
492,B492
493,B493
494,B494
495,B495
496,B496
497,B497
498,B498
499,B499
500,B500
501,B501
502,B502
503,B503
504,B504
505,B505
506,B506
507,B507
508,B508
509,B509
510,B510
511,B511
512,B512
513,B513
514,B514
515,B515
516,B516
517,B517
518,B518
519,B519
520,B520
521,B521
522,B522
523,B523
524,B524
525,B525
526,B526
527,B527
528,B528
529,B529
530,B530
531,B531
532,B532
533,B533
534,B534
535,B535
536,B536
537,B537
538,B538
539,B539
540,B540
541,B541
542,B542
543,B543
544,B544
545,B545
546,B546
547,B547
548,B548
549,B549
550,B550
551,B551
552,B552
553,B553
554,B554
555,B555
556,B556
557,B557
558,B558
559,B559
560,B560
561,B561
562,B562
563,B563
564,B564
565,B565
566,B566
567,B567
568,B568
569,B569
570,B570
571,B571
572,B572
573,B573
574,B574
575,B575
576,B576
577,B577
578,B578
579,B579
580,B580
581,B581
582,B582
583,B583
584,B584
585,B585
586,B586
587,B587
588,B588
589,B589
590,B590
591,B591
592,B592
593,B593
594,B594
595,B595
596,B596
597,B597
598,B598
599,B599
600,B600
601,B601
602,B602
603,B603
604,B604
605,B605
606,B606
607,B607
608,B608
609,B609
610,B610
611,B611
612,B612
613,B613
614,B614
615,B615
616,B616
617,B617
618,B618
619,B619
620,B620
621,B621
622,B622
623,B623
624,B624
625,B625
626,B626
627,B627
628,B628
629,B629
630,B630
631,B631
632,B632
633,B633
634,B634
635,B635
636,B636
637,B637
638,B638
639,B639
640,B640
641,B641
642,B642
643,B643
644,B644
645,B645
646,B646
647,B647
648,B648
649,B649
650,B650
651,B651
652,B652
653,B653
654,B654
655,B655
656,B656
657,B657
658,B658
659,B659
660,B660
661,B661
662,B662
663,B663
664,B664
665,B665
666,B666
667,B667
668,B668
669,B669
670,B670
671,B671
672,B672
673,B673
674,B674
675,B675
676,B676
677,B677
678,B678
679,B679
680,B680
681,B681
682,B682
